row,important_data
1,36.30906953
2,28.55401226
3,39.57482122
4,36.79904347
5,38.42255609
6,28.47678699
7,27.06843181
8,29.19744679
9,39.24431772
10,20.85049381
11,1.065134146
12,1.675734726
13,23.45309667
14,33.82691186
15,31.14845125
16,1.182417797
17,36.94433963
18,29.22170559
19,27.80560652
20,31.06791958
21,0.241355884
22,32.78749162
23,1.249208733
24,1.468412723
25,10.67258053
26,23.58127295
27,0.488811388
28,28.73853497
29,32.76118251
30,0.088608619
31,30.80051175
32,34.15822954
33,24.52763537
34,0.416527742
35,32.64063615
36,17.72976076
37,0.397816645
38,26.01231167
39,1.961557199
40,25.94653738
41,1.924041556
42,33.48992129
43,6.332362935
44,26.92570463
45,46.43769044
46,11.98845219
47,0.411629633
48,1.322501478
49,43.06642828
50,29.53742743
51,1.428462661
52,21.2915565
53,30.74242405
54,22.60384349
55,0.321800758
56,0.165972996
57,1.305368841
58,39.51587154
59,30.1545736
60,31.61849916
61,1.138569527
62,0.786324798
63,32.39725818
64,1.310055355
65,0.618059913
66,30.2592661
67,1.133090672
68,0.728136938
69,1.946516092
70,0.322677828
71,1.517769948
72,21.27838017
73,27.34848495
74,32.57419854
75,15.66326166
76,31.63839375
77,1.548401241
78,21.27465856
79,27.30615503
80,38.7050763
81,1.182225265
82,15.84467472
83,0.226081238
84,26.86461503
85,42.30550687
86,1.539338259
87,0.236583423
88,0.3604429
89,1.82363375
90,32.45700045
91,24.56552588
92,34.74366797
93,34.78592745
94,32.21907268
95,10.16484998
96,33.92451342
97,33.80058716
98,36.57974726
99,25.35263121
100,20.4610383
101,24.62836493
102,31.49572092
103,45.96660246
104,25.66283879
105,26.92712762
106,0.103388457
107,32.05990371
108,1.502310966
109,34.34375483
110,0.483726581
111,0.332635249
112,38.59639951
113,0.83330567
114,0.051452465
115,30.47439403
116,1.734884472
117,34.71929442
118,0.118644519
119,25.98977131
120,0.547389701
121,20.59321492
122,28.45492292
123,28.35695442
124,1.817608112
125,1.208601293
126,31.79672447
127,1.286995915
128,37.79152384
129,36.75918781
130,1.645354848
131,29.54961803
132,29.37465366
133,26.315428
134,36.9794617
135,34.70943679
136,24.63595889
137,24.28007348
138,30.19307691
139,30.86768418
140,17.34076335
141,25.99442073
142,25.67918361
143,35.4882659
144,45.44250024
145,34.80995803
146,37.25707133
147,38.22554941
148,34.22256102
149,23.6190687
150,14.41119574
151,32.6662678
152,35.07559926
153,4.79758485
154,22.81640709
155,0.526025577
156,0.212358736
157,32.59328946
158,6.746879482
159,38.28690398
160,25.00393705
161,1.897446512
162,0.703837243
163,20.58301395
164,36.63448732
165,0.106672177
166,36.05472082
167,24.33724317
168,25.6471032
169,34.30295998
170,31.86829002
171,32.43558719
172,31.56196585
173,26.10013189
174,36.48022546
175,24.20227705
176,33.29181167
177,28.46992592
178,19.30312157
179,1.529464282
180,14.39224779
181,0.022782808
182,25.50569482
183,0.751577376
184,32.39419088
185,1.957067435
186,42.15048001
187,30.14973362
188,32.59570174
189,1.262028413
190,1.903667372
191,38.94905662
192,47.63879133
193,27.32553244
194,0.512260351
195,1.570929992
196,30.7055151
197,22.85017245
198,0.701942312
199,1.2146156
200,1.109156265
201,13.99632806
202,31.61717854
203,27.45864682
204,35.5119762
205,1.848489673
206,1.23425747
207,31.53491383
208,0.354826434
209,1.071395981
210,24.18516643
211,1.636670984
212,32.97339365
213,45.79099128
214,1.368811192
215,3.030227206
216,23.70970876
217,23.47793342
218,0.346368001
219,32.45312239
220,28.47824687
221,0.270027757
222,23.15921808
223,19.68611693
224,23.2186946
225,0.048756333
226,25.39155133
227,31.15309814
228,1.98262248
229,1.418571722
230,28.98881448
231,22.24809801
232,26.33270183
233,20.95386367
234,1.435177958
235,1.587196076
236,27.31039401
237,29.4025039
238,1.019723335
239,0.109066439
240,36.08061783
241,28.91168323
242,1.548019481
243,8.847834185
244,33.25516131
245,1.393622075
246,25.7458304
247,31.83425929
248,1.060857596
249,35.10197863
250,23.59080331
251,0.760354007
252,0.468756643
253,34.68729311
254,31.28933745
255,37.50715971
256,26.72902061
257,0.183489837
258,25.48012827
259,26.89774008
260,0.258684802
261,26.08682706
262,0.767184712
263,0.882321262
264,29.25314328
265,29.07839845
266,0.68807833
267,34.77869195
268,0.60036582
269,33.12260524
270,1.753329358
271,1.573222837
272,20.38675902
273,30.15765264
274,0.336836223
275,13.56196233
276,1.505568387
277,1.861170994
278,1.452523971
279,1.702607399
280,24.31785262
281,1.584649584
282,1.711444873
283,45.91213989
284,23.66747237
285,41.39962201
286,26.0098775
287,1.933215049
288,17.08042528
289,26.09000072
290,25.61168085
291,32.88331136
292,26.51245688
293,28.71742914
294,26.55676724
295,39.33085635
296,31.3910348
297,25.074639
298,0.010418769
299,32.52859939
300,35.67819792
301,11.71765374
302,1.606518918
303,12.88728804
304,33.85822602
305,0.834529642
306,0.846830426
307,17.62661194
308,35.58944192
309,36.23870633
310,30.16122048
311,1.947456325
312,36.46199286
313,34.96059612
314,21.62552912
315,0.010610435
316,27.98821904
317,29.63386539
318,31.99484074
319,1.356410116
320,1.018706925
321,1.03340561
322,0.495876751
323,42.88471153
324,36.78000575
325,33.10883033
326,34.79585415
327,32.55510342
328,45.25958552
329,29.0944155
330,0.6241173
331,37.99090124
332,28.91893016
333,1.513680208
334,29.34953651
335,29.89970171
336,19.69492374
337,0.764747864
338,19.59318955
339,15.56168495
340,0.0510597
341,9.387220986
342,34.44209656
343,5.96922186
344,26.69288934
345,34.57402783
346,17.67235405
347,26.71257851
348,31.02920931
349,22.55485721
350,31.75677438
351,27.27989048
352,5.6218478
353,27.34240329
354,0.563767784
355,31.81652517
356,0.995437909
357,24.96710691
358,20.34501504
359,0.294842142
360,1.26803488
361,1.263637192
362,0.21376397
363,16.51527871
364,31.21210825
365,16.69183277
366,35.05306652
367,11.05166302
368,32.18210374
369,28.63635972
370,20.4170302
371,1.340438022
372,30.81914128
373,1.868224964
374,40.94591597
375,0.191537548
376,0.437309056
377,30.65208075
378,26.99763409
379,43.21968979
380,27.88951582
381,0.287817569
382,0.577823735
383,24.55571676
384,47.03656852
385,24.6235855
386,39.88632395
387,38.50781601
388,0.810601707
389,1.954340829
390,26.58255225
391,30.83477323
392,26.00880953
393,26.60087827
394,0.895757019
395,5.192710336
396,34.0907806
397,34.80275025
398,0.415955631
399,5.077135693
400,29.04789717
401,25.51991547
402,31.68535442
403,25.95114675
404,34.80567449
405,0.405648737
406,0.340713198
407,27.66090341
408,33.03626072
409,34.87708515
410,1.327373382
411,32.1198546
412,21.87163769
413,0.90253761
414,4.038014509
415,19.23238396
416,1.299414386
417,27.01395821
418,0.181589394
419,7.671371309
420,1.616892634
421,0.560283821
422,1.374451954
423,24.93027082
424,32.39229665
425,18.08833352
426,20.92702487
427,34.31013712
428,26.58155899
429,33.42360337
430,0.587676293
431,25.74341044
432,1.814082094
433,0.133806454
434,21.44074086
435,22.82721734
436,33.56202467
437,0.536593569
438,7.660621028
439,34.34411106
440,22.51505729
441,28.57213666
442,27.65056936
443,1.803563738
444,29.59521726
445,30.04350897
446,0.94259383
447,33.21372968
448,39.52519703
449,0.509772046
450,24.15801385
451,23.11330562
452,28.80003318
453,32.27085965
454,27.63777707
455,39.70153787
456,0.787107746
457,0.932276382
458,13.08133937
459,26.25918581
460,41.13743632
461,27.9757977
462,26.64167406
463,0.178945542
464,32.7676939
465,12.25111948
466,6.671937347
467,29.9013634
468,26.51501349
469,45.6041271
470,31.41232763
471,27.43908227
472,20.24068743
473,43.32165325
474,29.26923765
475,22.15835792
476,23.29575578
477,35.18597965
478,28.78844862
479,25.78921369
480,34.81446579
481,0.770140449
482,17.54033162
483,23.8719819
484,12.77988776
485,19.75168714
486,0.372076827
487,15.76018756
488,0.443619936
489,31.92060879
490,32.64075504
491,3.626707424
492,20.24795787
493,24.08310719
494,26.81977491
495,20.35978309
496,23.32513319
497,25.83230452
498,21.83950418
499,35.81713404
500,1.711094261
501,30.58808952
502,1.079177127
503,34.7296938
504,25.34181524
505,25.74414044
506,0.534200593
507,19.72301432
508,1.739330958
509,30.89294545
510,1.376992466
511,24.75261686
512,0.052632693
513,1.719010485
514,30.32549155
515,33.76951384
516,1.38702802
517,0.955335238
518,9.299600497
519,42.80814693
520,1.774312169
521,20.85909477
522,30.92909046
523,32.10618327
524,34.74063032
525,1.305708371
526,38.6024272
527,29.99978746
528,36.53148764
529,1.13750102
530,30.36476126
531,30.58822561
532,26.26391343
533,31.54494255
534,6.298017714
535,1.145956606
536,47.24822329
537,29.3758444
538,37.36637431
539,26.51652541
540,1.047531591
541,21.01693411
542,34.21160646
543,20.74371842
544,32.05144615
545,28.14186792
546,23.85489443
547,2.220411016
548,0.644372211
549,26.36239556
550,25.63656098
551,45.87361686
552,32.25505666
553,21.14246581
554,30.26836235
555,33.48723915
556,35.55387536
557,31.01668969
558,1.504192767
559,1.894208549
560,0.800832562
561,1.576753231
562,28.98592084
563,24.06944098
564,17.06785411
565,1.898874336
566,1.786013444
567,32.5662592
568,45.96090853
569,16.98069347
570,28.06849753
571,34.48280692
572,32.41800928
573,46.9305361
574,28.03711983
575,31.02260096
576,0.259766706
577,7.262135248
578,31.60687316
579,19.03114472
580,21.3960063
581,24.75152245
582,1.441651581
583,24.3154814
584,1.016431139
585,35.98694559
586,23.76222821
587,34.47702255
588,0.437499883
589,7.477320935
590,31.89402722
591,26.13436118
592,21.19018817
593,32.34470214
594,0.89160291
595,1.776481837
596,1.386658696
597,0.670707547
598,40.31042536
599,23.94087659
600,31.15567389
601,19.70178208
602,20.9013096
603,29.1069974
604,26.11226268
605,22.52734075
606,24.15674263
607,36.52380431
608,1.072993679
609,0.058366939
610,46.4141158
611,32.10995342
612,22.65871766
613,22.09019967
614,30.05834359
615,33.34344556
616,0.732606626
617,2.060277315
618,27.94047575
619,31.02432017
620,25.57613381
621,1.954812124
622,0.673401037
623,29.81081019
624,33.68693082
625,36.17625465
626,0.327950935
627,0.412504424
628,0.74494184
629,1.797493902
630,0.078578784
631,28.81429371
632,1.627064864
633,0.941718081
634,25.01075675
635,25.4456064
636,30.18293217
637,24.38738347
638,27.53843858
639,26.05503957
640,0.624524407
641,1.77218771
642,21.82619928
643,1.268711085
644,0.650508043
645,27.34698538
646,19.17804554
647,24.0586163
648,1.79801965
649,1.830418737
650,0.993846537
651,31.12631277
652,27.23428697
653,0.365765126
654,35.03036216
655,28.73935409
656,29.53174612
657,1.162722528
658,31.20421568
659,16.53137946
660,39.0122733
661,30.77505592
662,1.255232541
663,32.11820894
664,31.52940676
665,34.96477731
666,32.515821
667,36.43889258
668,23.89892623
669,30.49405408
670,28.68924667
671,21.77342179
672,15.58440708
673,0.690067591
674,17.09751303
675,20.88379575
676,30.86306409
677,30.4136601
678,26.32813629
679,1.102195412
680,1.894202373
681,26.83901717
682,38.59320981
683,1.017944748
684,31.23963167
685,25.08786911
686,39.5151031
687,1.185717192
688,34.51923474
689,37.00626672
690,0.561834022
691,35.24677081
692,28.97256481
693,45.45384878
694,45.12662069
695,24.93693037
696,33.71811005
697,25.13732291
698,16.49472493
699,28.87660375
700,1.45571889
701,32.15741012
702,37.26736731
703,33.10845162
704,33.78605962
705,36.04300862
706,0.702471699
707,0.372055602
708,23.76658011
709,0.325379406
710,23.77417528
711,19.35584221
712,33.6603293
713,26.56505007
714,33.94496604
715,30.1730095
716,36.34910618
717,27.78968404
718,1.739090736
719,22.34263469
720,18.84081723
721,0.852383913
722,1.655908307
723,27.18070055
724,1.427305765
725,0.540955865
726,33.07086904
727,1.75641635
728,29.64488684
729,0.25732161
730,18.38259038
731,0.866818188
732,21.53522361
733,17.526084
734,0.783024295
735,29.3266916
736,31.66375098
737,39.49639112
738,41.50068624
739,34.1508861
740,31.78395171
741,0.078272282
742,33.46680752
743,22.15178629
744,34.54238014
745,29.77979233
746,1.420377073
747,45.03959744
748,1.90924399
749,1.165468142
750,1.910665727
751,31.42486936
752,24.77789048
753,1.254829355
754,35.98744954
755,0.602258146
756,33.67470591
757,24.68452071
758,35.20938825
759,0.442596298
760,0.82821956
761,33.31313397
762,31.91049477
763,38.41776807
764,33.81596242
765,24.27121169
766,31.38839959
767,27.9533943
768,31.09755126
769,1.224656363
770,16.45026084
771,36.53311149
772,34.00564185
773,38.67015257
774,46.40433346
775,36.49317217
776,33.49810837
777,1.257859069
778,34.73327473
779,0.610210926
780,27.69863358
781,27.46336497
782,0.255937814
783,28.90917739
784,37.70244547
785,30.61959083
786,46.72527646
787,30.87400854
788,1.024100387
789,39.10530885
790,28.60921952
791,29.73822236
792,28.40689585
793,1.344539729
794,25.9108028
795,30.69957114
796,22.49010626
797,33.38285895
798,37.14896582
799,0.329671692
800,33.13623115
801,31.37582129
802,36.1962753
803,0.103890422
804,0.029254473
805,26.28140634
806,25.80013762
807,30.74295745
808,28.67586954
809,0.21532781
810,25.14999087
811,44.07434223
812,26.00506786
813,38.02193611
814,18.31785439
815,32.15108127
816,27.52474212
817,31.61636774
818,0.988393207
819,28.36038481
820,28.01011363
821,25.53457826
822,0.526097423
823,16.58129382
824,1.053950183
825,22.95100683
826,21.03348176
827,31.06480157
828,26.18721688
829,24.28804542
830,25.19805027
831,1.301043195
832,15.87043502
833,23.67439364
834,27.79860487
835,1.489202083
836,1.782060701
837,27.55750767
838,1.540588542
839,0.978549814
840,37.253497
841,21.81674752
842,37.88774717
843,25.71360746
844,1.568523977
845,5.513285308
846,10.96826279
847,20.41848526
848,27.62644452
849,25.33643095
850,33.28936103
851,1.667028497
852,19.63481735
853,24.49802953
854,0.429616129
855,27.1758759
856,33.27177695
857,0.023597752
858,6.017444811
859,0.452880316
860,1.939392837
861,0.07479539
862,27.42144995
863,33.9631546
864,38.56399518
865,34.21829398
866,22.41043735
867,29.37900998
868,46.39480457
869,29.3864746
870,1.846488012
871,0.183560752
872,39.53841157
873,0.173531638
874,38.04002032
875,18.63506555
876,0.669232591
877,28.85523607
878,1.777900087
879,37.77468415
880,31.68697416
881,1.755445652
882,1.641670922
883,28.72599059
884,20.6515557
885,28.69660847
886,14.14613542
887,23.12618893
888,0.325751752
889,25.0898372
890,37.46826415
891,31.70826139
892,33.05279066
893,0.540021867
894,37.00392751
895,0.191118854
896,39.19228587
897,21.23091662
898,24.96664919
899,33.84024403
900,26.15182059
901,1.576717066
902,0.730796616
903,0.679366635
904,24.11252275
905,29.29539536
906,36.9771723
907,22.44684692
908,23.86164461
909,0.762383561
910,27.32125344
911,0.072279772
912,36.71847245
913,26.36806008
914,35.68380199
915,33.11820717
916,35.77207904
917,32.33374295
918,31.85394332
919,39.35321911
920,28.77568067
921,30.00213706
922,1.44802759
923,1.179054107
924,24.64251854
925,22.20941819
926,30.38006288
927,32.64370999
928,27.71526708
929,1.147197897
930,25.28875371
931,1.556116305
932,28.97688936
933,0.015828904
934,0.014314861
935,27.06558902
936,30.90468453
937,18.33724243
938,38.40983339
939,0.156905232
940,1.740290762
941,27.61325719
942,27.10184594
943,7.259649116
944,30.35492504
945,1.960232043
946,23.04675408
947,0.377169734
948,0.071624715
949,23.43934988
950,40.96813377
951,29.52986678
952,24.51242046
953,0.232125475
954,1.284120274
955,25.27923405
956,26.76305376
957,1.091834706
958,1.280260905
959,41.75756973
960,30.16426319
961,1.921902055
962,15.10178279
963,0.375863232
964,24.28872691
965,0.249333442
966,36.17227246
967,21.22730905
968,31.91551346
969,1.491667822
970,22.48822912
971,26.35067988
972,29.10642263
973,34.8481773
974,28.23071698
975,30.76905135
976,41.47607154
977,40.99919424
978,1.00398676
979,38.22231139
980,20.58512545
981,26.09072697
982,1.617972146
983,23.28899878
984,32.06408404
985,12.0613288
986,21.69767803
987,41.04231382
988,22.65919752
989,28.39364862
990,29.00061795
991,20.51383675
992,0.375722926
993,29.52247726
994,13.14507599
995,1.500097969
996,30.91476197
997,42.45088999
998,40.1041249
999,1.282739435
1000,1.427247542
1001,0.133461855
1002,28.63980552
1003,37.04293357
1004,0.928230446
1005,31.90640833
1006,0.786735425
1007,42.6272982
1008,28.36576929
1009,25.36139341
1010,36.14482372
1011,30.72410001
1012,19.02244885
1013,37.11120867
1014,26.53900928
1015,40.01402772
1016,45.60082868
1017,1.145809225
1018,1.449541704
1019,36.84120636
1020,30.71479265
1021,24.66617536
1022,1.322848504
1023,23.53971854
1024,28.12942085
1025,31.88085749
1026,32.29150192
1027,29.29004948
1028,23.52359071
1029,0.011302524
1030,1.510026418
1031,1.921811968
1032,37.17509178
1033,20.64053295
1034,25.04533627
1035,0.52334561
1036,0.337354733
1037,0.607633821
1038,29.78048362
1039,32.9717436
1040,30.62951132
1041,1.836772502
1042,22.38286077
1043,39.07725041
1044,0.800861828
1045,18.6000606
1046,1.353009847
1047,36.71616905
1048,1.713091516
1049,37.95690993
1050,1.69220213
1051,0.888145729
1052,1.837766334
1053,24.92111415
1054,31.86286237
1055,0.717788758
1056,20.6086827
1057,0.796149738
1058,21.05135836
1059,39.38233899
1060,27.52839989
1061,35.24000078
1062,21.63465928
1063,1.76912417
1064,0.722020889
1065,15.94485567
1066,0.337508512
1067,17.38537891
1068,27.22382341
1069,1.996356749
1070,20.30326454
1071,28.83864353
1072,16.21136238
1073,1.978938398
1074,28.73844186
1075,17.13860468
1076,1.25467617
1077,0.090103505
1078,24.48959234
1079,16.55181157
1080,21.63023468
1081,1.935086486
1082,35.81381795
1083,15.01618857
1084,25.66428319
1085,0.854453969
1086,29.53497252
1087,23.73599678
1088,0.16206195
1089,0.797390481
1090,0.857798834
1091,0.259002888
1092,25.14616572
1093,28.59126158
1094,26.6762892
1095,1.029418356
1096,28.51490734
1097,36.23951807
1098,22.99739796
1099,22.9843022
1100,1.652674765
1101,1.97256231
1102,0.020846163
1103,31.75537255
1104,32.72970513
1105,43.69404247
1106,26.96795388
1107,1.200616728
1108,35.23712
1109,1.401911459
1110,1.315319745
1111,1.02565058
1112,0.734124278
1113,0.538862762
1114,0.279852581
1115,24.25237844
1116,0.05786643
1117,22.14940045
1118,24.04649711
1119,0.656234869
1120,22.94850199
1121,29.10298328
1122,32.41474171
1123,43.82050522
1124,1.131379372
1125,25.85203509
1126,27.01420709
1127,1.503790529
1128,38.30761609
1129,14.65081542
1130,28.82929066
1131,1.227770313
1132,25.19797377
1133,0.608571742
1134,0.60268821
1135,17.84767308
1136,27.36346684
1137,21.17722072
1138,0.548118152
1139,31.67206424
1140,26.80146847
1141,0.192006634
1142,33.64969528
1143,22.88971724
1144,1.923754955
1145,33.89488243
1146,21.72344344
1147,0.608579674
1148,1.307486086
1149,1.522990951
1150,1.75699494
1151,26.79386425
1152,1.963467236
1153,1.034284062
1154,1.6543291
1155,1.704762075
1156,0.985690526
1157,1.112698622
1158,24.90712129
1159,31.96671758
1160,0.045299389
1161,29.51576471
1162,45.16817984
1163,0.749879043
1164,1.234168837
1165,34.64835022
1166,0.760498726
1167,34.27282323
1168,30.28706399
1169,24.00196459
1170,42.14815958
1171,24.47632691
1172,0.290559141
1173,33.60231213
1174,1.03204697
1175,0.018805656
1176,19.12162522
1177,16.13906524
1178,33.6066504
1179,26.07192784
1180,22.39575683
1181,28.51934088
1182,26.70207482
1183,32.82874651
1184,31.43478922
1185,34.95923099
1186,17.54800275
1187,36.34952973
1188,1.75813368
1189,5.545359574
1190,32.76887385
1191,30.40636113
1192,24.27888104
1193,37.16273443
1194,0.049275091
1195,29.75699456
1196,42.36425259
1197,30.85754699
1198,9.269000997
1199,1.110619337
1200,16.98779737
1201,0.958658025
1202,21.05801318
1203,1.73790947
1204,39.48384559
1205,43.60856278
1206,41.18163206
1207,32.88877847
1208,30.73396164
1209,0.314958675
1210,31.74474935
1211,26.13347645
1212,28.76825197
1213,29.85048581
1214,1.701498014
1215,0.481859281
1216,0.630716187
1217,1.176763963
1218,1.993771959
1219,27.31021468
1220,1.945913746
1221,0.185058517
1222,1.298781389
1223,22.88756356
1224,31.82222187
1225,1.141125922
1226,16.43918275
1227,42.4938965
1228,7.858335578
1229,0.911505683
1230,1.861687681
1231,32.86313145
1232,37.8699953
1233,25.78373492
1234,1.236511783
1235,29.16888258
1236,28.9760701
1237,43.23019607
1238,33.69578892
1239,0.915077709
1240,0.953285592
1241,31.35348918
1242,28.68101544
1243,1.203258925
1244,1.970161311
1245,39.15240716
1246,19.45366377
1247,1.922992378
1248,31.09593052
1249,27.73254754
1250,22.43257795
1251,43.31453944
1252,32.49476405
1253,0.727723701
1254,1.94319959
1255,36.05337278
1256,34.15614955
1257,23.93234445
1258,12.50407423
1259,21.07368444
1260,33.57339998
1261,31.93156505
1262,31.2094048
1263,41.10508236
1264,34.29404918
1265,28.77273893
1266,1.423560931
1267,25.98848462
1268,34.45635372
1269,29.6685557
1270,0.183758043
1271,33.82787265
1272,0.652640237
1273,0.084991835
1274,1.404648159
1275,29.95104521
1276,38.91033207
1277,1.095991994
1278,29.09766884
1279,19.03565258
1280,29.27440471
1281,21.42128799
1282,25.43802742
1283,34.94150223
1284,34.97465228
1285,37.86379749
1286,29.62721984
1287,25.36192921
1288,27.87024624
1289,22.23620123
1290,30.56444297
1291,33.4065616
1292,26.22951734
1293,0.958338734
1294,36.15338513
1295,20.82004231
1296,31.00993528
1297,33.85676769
1298,1.358589028
1299,16.99020809
1300,22.3932683
1301,28.69037948
1302,28.97022273
1303,21.88421111
1304,1.208585306
1305,24.81637222
1306,33.8656315
1307,27.65233612
1308,1.139666969
1309,1.223851383
1310,0.534859625
1311,37.02244147
1312,27.86887245
1313,0.027119695
1314,0.983553286
1315,38.05922473
1316,28.83662414
1317,0.676568839
1318,32.39213938
1319,27.37222827
1320,1.219851356
1321,24.66957962
1322,1.845665988
1323,0.862885845
1324,29.35453108
1325,22.36628146
1326,25.69197057
1327,22.46881046
1328,1.835901799
1329,0.091668968
1330,31.97969405
1331,25.29982054
1332,37.55243896
1333,1.296411216
1334,18.39813227
1335,31.82778476
1336,32.93069301
1337,33.20188983
1338,30.61421874
1339,25.06909566
1340,35.28872477
1341,1.658889813
1342,1.844863779
1343,27.65110855
1344,36.38341728
1345,22.27251271
1346,0.667978521
1347,26.14125852
1348,24.5240119
1349,35.41511397
1350,0.968582965
1351,29.14002001
1352,28.73123403
1353,22.68753145
1354,25.50990686
1355,26.24816193
1356,1.497812478
1357,36.43407381
1358,25.64181829
1359,1.212876805
1360,0.255434494
1361,0.202516872
1362,0.793689244
1363,23.04366556
1364,38.74094325
1365,27.94839621
1366,19.7179393
1367,0.830743648
1368,46.73643216
1369,0.605772335
1370,17.99245339
1371,31.52018882
1372,33.09032206
1373,26.31476587
1374,1.184224969
1375,1.577374785
1376,1.041995588
1377,1.681672229
1378,23.73155426
1379,45.55776128
1380,23.38882063
1381,0.884828952
1382,23.48881802
1383,28.30578127
1384,38.71614896
1385,30.04011784
1386,24.56459639
1387,0.989315683
1388,1.436861505
1389,34.7108242
1390,24.82792551
1391,17.75396206
1392,36.89367695
1393,0.748579061
1394,1.339062909
1395,31.47063701
1396,1.942247169
1397,20.67804061
1398,31.98097606
1399,1.518313005
1400,1.200103861
1401,1.212480382
1402,38.67832294
1403,18.94977627
1404,23.56475355
1405,1.444362949
1406,30.4181363
1407,1.26178306
1408,23.23558727
1409,20.92686619
1410,32.31627716
1411,7.163415749
1412,40.08952698
1413,1.887202978
1414,1.809470197
1415,12.19575255
1416,28.78291643
1417,45.21982656
1418,21.55525941
1419,21.26966456
1420,21.36786368
1421,0.643478037
1422,1.178529979
1423,1.622492269
1424,20.05049106
1425,1.45310173
1426,21.9363536
1427,37.26023703
1428,21.41729185
1429,35.20265884
1430,0.497339068
1431,27.19276417
1432,15.1622338
1433,34.57109315
1434,25.13238706
1435,30.64737583
1436,1.868948048
1437,1.31190015
1438,0.442059772
1439,28.10888338
1440,1.956950297
1441,33.93199269
1442,28.18482394
1443,0.382537167
1444,42.16646495
1445,0.38578111
1446,29.02947362
1447,0.287599719
1448,35.5524038
1449,38.76007807
1450,28.36080491
1451,34.71641041
1452,32.74045194
1453,20.86131088
1454,37.72614522
1455,32.77993851
1456,24.78234527
1457,27.60572108
1458,1.936379539
1459,15.34190235
1460,33.78145658
1461,16.29393725
1462,25.4694859
1463,0.692554902
1464,0.275173886
1465,25.87987943
1466,23.03608122
1467,31.95442327
1468,29.61731081
1469,1.216383925
1470,18.30130481
1471,20.98729723
1472,46.6045669
1473,27.93445999
1474,15.43025849
1475,0.268388306
1476,23.32274077
1477,36.69926801
1478,29.91122026
1479,34.30188867
1480,1.461000486
1481,37.61920665
1482,44.81643925
1483,6.578988351
1484,33.41435176
1485,1.798417766
1486,0.568734943
1487,1.609587659
1488,28.43748448
1489,1.637976631
1490,0.80931514
1491,36.3856263
1492,25.75518553
1493,22.6360208
1494,31.81407529
1495,28.69487944
1496,22.58483021
1497,33.25389776
1498,33.48840622
1499,25.2362095
1500,18.78576461
1501,21.71145506
1502,0.127442257
1503,0.793358354
1504,1.673422241
1505,16.20909539
1506,0.221267755
1507,26.24778648
1508,23.80577649
1509,29.20810883
1510,27.03883463
1511,1.509626972
1512,1.578336829
1513,22.65746223
1514,32.24669099
1515,0.121068639
1516,0.557457643
1517,28.81061194
1518,43.19833255
1519,27.48943767
1520,1.518200146
1521,24.25488278
1522,0.04707852
1523,1.090372533
1524,23.69262426
1525,31.42713934
1526,21.5822913
1527,16.98985196
1528,25.03686163
1529,26.55371085
1530,45.46560914
1531,30.28488156
1532,28.75490743
1533,0.31588767
1534,22.61628403
1535,17.98763157
1536,28.89922754
1537,1.480617523
1538,32.81250303
1539,16.48995985
1540,0.946754699
1541,1.927457755
1542,21.43354713
1543,27.3131846
1544,28.14403076
1545,38.7161447
1546,1.980268524
1547,34.48341943
1548,28.21298534
1549,19.39015278
1550,1.088889849
1551,1.105025857
1552,23.49222448
1553,1.473959992
1554,23.06158448
1555,41.63408094
1556,15.99767262
1557,1.313200089
1558,43.01171869
1559,26.39784818
1560,18.92357554
1561,33.65160358
1562,31.22447982
1563,31.63571919
1564,18.66373176
1565,1.969207367
1566,1.863896358
1567,31.50548586
1568,24.1601335
1569,26.7419089
1570,32.9734161
1571,21.51739765
1572,1.056142615
1573,29.21100613
1574,18.46557745
1575,21.00350484
1576,7.716862378
1577,17.81802058
1578,0.687426063
1579,6.953989997
1580,1.474416818
1581,10.37966606
1582,17.51261101
1583,1.653482025
1584,33.60409562
1585,0.887019238
1586,26.48237373
1587,25.4425069
1588,29.47851356
1589,1.031391035
1590,30.16275545
1591,35.19771831
1592,45.8315961
1593,0.943843838
1594,42.6092363
1595,28.97480792
1596,1.992590947
1597,17.94396398
1598,1.292457914
1599,1.088892085
1600,19.53202977
1601,14.92280667
1602,25.4646408
1603,6.33610064
1604,25.56980328
1605,26.33389541
1606,0.270175145
1607,0.393422413
1608,1.011655168
1609,1.812675074
1610,38.8244686
1611,27.52753479
1612,21.09246384
1613,32.29617736
1614,29.53710812
1615,30.25825148
1616,0.53975747
1617,35.44654726
1618,23.82951534
1619,1.155064104
1620,1.689937865
1621,36.16228086
1622,1.666823795
1623,27.69445315
1624,42.48558038
1625,1.292938228
1626,0.703965853
1627,0.793117381
1628,22.73318482
1629,28.8229454
1630,25.13380672
1631,25.97196951
1632,41.68838235
1633,37.60277581
1634,26.75114853
1635,43.66810014
1636,35.32377711
1637,1.786692832
1638,1.289258367
1639,26.07627534
1640,28.14118526
1641,0.570506245
1642,30.91203078
1643,45.65681544
1644,46.94524419
1645,29.55289716
1646,33.88898874
1647,24.2922564
1648,6.03222165
1649,20.4220322
1650,0.38431282
1651,6.441074406
1652,28.03181392
1653,1.905275065
1654,38.8496549
1655,22.7081632
1656,17.88260796
1657,35.65827025
1658,28.58075432
1659,28.12456121
1660,0.393749554
1661,29.73668094
1662,26.79334905
1663,32.31813973
1664,19.11140968
1665,15.04818439
1666,19.13436617
1667,29.25573092
1668,23.04528246
1669,23.86033989
1670,35.36524085
1671,1.468014117
1672,34.48915254
1673,0.648072681
1674,28.68271399
1675,24.20466753
1676,0.716513638
1677,0.533966087
1678,24.51371407
1679,1.814746371
1680,34.49060055
1681,25.12723767
1682,17.61720266
1683,1.650571754
1684,31.83343018
1685,31.5549649
1686,22.78714955
1687,22.91590827
1688,24.56700744
1689,28.56562387
1690,27.25239663
1691,21.07441323
1692,1.022203575
1693,1.892547309
1694,23.45338817
1695,29.61059272
1696,0.705206653
1697,0.106716416
1698,1.624513469
1699,27.04414919
1700,32.22894713
1701,22.45665664
1702,1.009257368
1703,1.933314187
1704,46.55149613
1705,0.924790499
1706,1.320004885
1707,28.87138495
1708,28.8772539
1709,0.06171034
1710,32.83931091
1711,5.108727801
1712,0.651872156
1713,0.550041488
1714,33.91742517
1715,37.34665108
1716,32.0075401
1717,15.19068043
1718,0.880874844
1719,0.128958779
1720,1.508475011
1721,37.01842067
1722,16.3386108
1723,28.30155661
1724,1.783704222
1725,30.85008488
1726,22.12371567
1727,1.288302306
1728,22.39904213
1729,0.008891076
1730,21.50536623
1731,40.95762345
1732,0.47878382
1733,39.15552037
1734,18.99184844
1735,36.16036505
1736,1.374602693
1737,28.25847537
1738,12.2575384
1739,20.16644443
1740,34.0487561
1741,39.22484062
1742,23.92514388
1743,0.268810229
1744,38.33196263
1745,27.40467983
1746,14.50639685
1747,1.369097878
1748,0.699886502
1749,45.71737142
1750,39.8318429
1751,1.491317839
1752,24.46366181
1753,22.37237001
1754,25.19538916
1755,1.128891834
1756,41.94504002
1757,40.52572933
1758,34.36515868
1759,15.1918019
1760,1.769879925
1761,22.96691743
1762,21.70950212
1763,19.45421359
1764,29.56906349
1765,1.545215117
1766,12.19336918
1767,33.36664039
1768,28.55682169
1769,27.9108228
1770,0.720683951
1771,30.06971838
1772,30.95149038
1773,26.43969121
1774,33.39006327
1775,32.95595804
1776,1.289827521
1777,22.40354472
1778,37.18316324
1779,36.36207181
1780,35.47085933
1781,0.250448673
1782,0.590804932
1783,0.865928408
1784,28.01169684
1785,0.709908844
1786,1.417469666
1787,23.51164293
1788,1.362062764
1789,26.26225399
1790,1.833272541
1791,29.15741531
1792,43.07987898
1793,24.73441392
1794,9.351585013
1795,26.71449312
1796,1.417374535
1797,32.08152678
1798,30.38477882
1799,1.648233702
1800,15.86340544
1801,14.88497548
1802,25.38060241
1803,24.99919818
1804,0.731561482
1805,42.35185387
1806,1.989193249
1807,38.5010229
1808,23.46368679
1809,34.25665434
1810,31.06986275
1811,1.076484664
1812,28.73033835
1813,20.60857064
1814,25.99204613
1815,24.81479526
1816,1.442743131
1817,45.80240998
1818,0.886529286
1819,28.41817912
1820,22.26774854
1821,37.19049659
1822,0.967811453
1823,32.55723385
1824,26.67323604
1825,0.588805544
1826,0.163952112
1827,41.72245456
1828,23.42745966
1829,40.23268536
1830,30.84503665
1831,32.8174611
1832,0.584967407
1833,33.7704848
1834,27.18503729
1835,22.63540504
1836,16.47217637
1837,0.283382956
1838,46.84637435
1839,26.69634525
1840,36.92587327
1841,20.88223095
1842,38.363827
1843,1.647587629
1844,42.18801116
1845,33.3661343
1846,0.136808759
1847,28.03058829
1848,17.50360677
1849,10.37664629
1850,0.280068357
1851,46.31238098
1852,30.10127223
1853,1.449865054
1854,24.22838212
1855,0.588161716
1856,1.506056455
1857,30.83789229
1858,29.01872782
1859,32.42750716
1860,1.563676144
1861,0.526177424
1862,24.30661381
1863,0.071893873
1864,1.564069789
1865,0.271091271
1866,33.01256328
1867,42.56743424
1868,1.535058364
1869,27.06554932
1870,1.773059665
1871,19.95376786
1872,36.77253859
1873,41.37918009
1874,1.35677407
1875,29.50674787
1876,34.03091073
1877,26.94706465
1878,1.968627588
1879,1.662495471
1880,40.31676072
1881,1.364491068
1882,0.101732145
1883,5.052658508
1884,1.970403075
1885,37.3226915
1886,34.05971365
1887,30.05653274
1888,1.62928582
1889,30.59851187
1890,33.62196145
1891,0.10609027
1892,0.364215995
1893,28.2453671
1894,1.806361725
1895,30.73117651
1896,32.50172843
1897,32.98490026
1898,34.87757644
1899,30.85379232
1900,0.966976291
1901,1.506553297
1902,0.197913792
1903,27.54508375
1904,30.14964761
1905,33.6737781
1906,26.806837
1907,1.642217733
1908,37.81630906
1909,24.87050157
1910,27.6224797
1911,0.841230061
1912,28.09999132
1913,42.22570785
1914,25.13301221
1915,29.25499826
1916,0.843681056
1917,1.471947326
1918,39.81765481
1919,21.18288288
1920,0.821013042
1921,21.11552922
1922,15.16060022
1923,34.19024267
1924,1.5276067
1925,1.280480337
1926,1.742049574
1927,0.724208945
1928,23.44596368
1929,1.497007377
1930,1.722613484
1931,26.66103783
1932,19.61348384
1933,23.87137338
1934,27.72935838
1935,1.449898865
1936,31.41845434
1937,25.76133002
1938,1.575886183
1939,37.03203613
1940,1.536575068
1941,41.41119098
1942,20.08779533
1943,26.36088403
1944,0.598574032
1945,41.05871817
1946,29.4714477
1947,0.420149982
1948,32.96241886
1949,18.47854
1950,24.8034162
1951,34.60289558
1952,0.11138198
1953,16.35973143
1954,26.73465846
1955,23.33760196
1956,32.86993351
1957,37.13005372
1958,30.2540175
1959,27.24616694
1960,1.686804841
1961,1.564313437
1962,28.97750153
1963,31.15865483
1964,1.279365752
1965,1.547126264
1966,0.295262026
1967,38.65237298
1968,3.312965521
1969,23.38793087
1970,1.455421088
1971,0.905306965
1972,0.780101545
1973,0.402505754
1974,14.10871263
1975,1.366882524
1976,20.97199791
1977,0.776000622
1978,33.69436509
1979,37.09037564
1980,46.8003849
1981,1.387035643
1982,1.936397066
1983,38.35182374
1984,33.89146093
1985,0.57885492
1986,0.354878316
1987,26.06587202
1988,24.56207249
1989,37.29205437
1990,29.35188341
1991,0.357872897
1992,18.35123089
1993,26.03205872
1994,36.54316259
1995,44.62980948
1996,0.502240688
1997,34.16832727
1998,0.440192828
1999,22.52340004
2000,30.07590887
2001,28.41133525
2002,14.76063956
2003,33.52753132
2004,29.3980554
2005,33.88849053
2006,0.60676558
2007,36.97913185
2008,0.773960856
2009,34.58450359
2010,1.912540543
2011,33.67232432
2012,26.61010438
2013,36.73011778
2014,0.044887641
2015,31.92961404
2016,32.40083032
2017,20.11008543
2018,1.310866442
2019,1.024442673
2020,17.16342789
2021,1.411810381
2022,0.51497354
2023,23.37910133
2024,26.91672107
2025,0.669606783
2026,33.83964214
2027,34.0363837
2028,27.12365144
2029,29.97744352
2030,36.64277426
2031,26.79255303
2032,36.3694334
2033,43.50646883
2034,31.44695472
2035,33.23852746
2036,28.63820606
2037,37.62692282
2038,26.8262695
2039,5.727115716
2040,23.65459404
2041,1.960630281
2042,25.47075749
2043,1.705189213
2044,23.4574908
2045,30.31844079
2046,37.50223949
2047,42.74998758
2048,19.42774439
2049,24.57989491
2050,1.037589897
2051,29.19976081
2052,33.36198705
2053,29.76776167
2054,1.296860151
2055,1.438425733
2056,18.21520056
2057,26.88283678
2058,25.93594529
2059,40.98468099
2060,32.669902
2061,3.585505837
2062,23.53012997
2063,22.87592413
2064,0.263906278
2065,0.531358858
2066,27.74729051
2067,34.60661779
2068,38.41302566
2069,19.63714006
2070,28.72853093
2071,20.34173366
2072,38.5438536
2073,25.68660308
2074,25.04484193
2075,41.74844861
2076,13.87039587
2077,0.295384277
2078,27.90387883
2079,36.51128204
2080,31.22980907
2081,0.355599187
2082,25.312718
2083,32.07176727
2084,27.56513325
2085,20.02817628
2086,29.13506817
2087,34.99424555
2088,1.286411572
2089,1.049389211
2090,18.44281509
2091,17.19032032
2092,1.859393337
2093,1.040842518
2094,36.23912568
2095,14.01230019
2096,43.1050988
2097,31.08369576
2098,31.53740492
2099,21.1061613
2100,0.552375414
2101,41.39984649
2102,6.370823947
2103,38.17472425
2104,1.83832641
2105,1.616808699
2106,32.48196894
2107,0.73834454
2108,32.85637334
2109,1.264596875
2110,36.85564875
2111,28.1054949
2112,0.160668466
2113,1.367048809
2114,31.19411965
2115,0.740706445
2116,0.533945817
2117,35.78182866
2118,44.28611608
2119,36.00983434
2120,45.97777212
2121,1.105056514
2122,20.41278747
2123,22.80400885
2124,32.73487261
2125,0.238032085
2126,28.04588651
2127,34.9945872
2128,0.935165513
2129,20.84332148
2130,32.68032605
2131,18.40511935
2132,34.86468544
2133,16.87418182
2134,4.465932296
2135,37.01197349
2136,33.7604447
2137,1.599090794
2138,1.524440005
2139,28.15427574
2140,30.7775372
2141,20.92549216
2142,30.77052559
2143,36.59520136
2144,1.497893977
2145,22.131735
2146,3.141163037
2147,45.71924555
2148,21.37784466
2149,1.104077976
2150,17.54356089
2151,17.1972265
2152,38.41857829
2153,1.483138124
2154,30.67324005
2155,1.690304244
2156,20.77514288
2157,29.16250715
2158,1.125236704
2159,1.951493767
2160,44.53992773
2161,39.95681644
2162,40.06743726
2163,1.250208909
2164,36.99213573
2165,31.06407796
2166,35.83197959
2167,1.402108737
2168,17.16830636
2169,26.50118366
2170,33.74300387
2171,39.63619165
2172,14.71509303
2173,28.41896941
2174,44.7438071
2175,1.723204361
2176,1.04392073
2177,39.76968256
2178,21.4179323
2179,24.35704226
2180,24.97056832
2181,37.82482491
2182,26.31465977
2183,33.38954096
2184,28.4083898
2185,1.986719021
2186,28.14426388
2187,0.851003621
2188,31.84180515
2189,1.783107973
2190,46.40065007
2191,1.074298842
2192,32.37521574
2193,33.50367492
2194,36.55515068
2195,1.932179716
2196,17.48678412
2197,31.63232472
2198,0.479008325
2199,39.48510425
2200,0.318124301
2201,41.53360289
2202,27.28008894
2203,1.976339876
2204,24.01769141
2205,29.56951073
2206,26.29926595
2207,22.37421135
2208,28.41175023
2209,1.686995767
2210,1.129547708
2211,29.62791001
2212,1.416887654
2213,25.90629553
2214,45.77426411
2215,1.067864508
2216,34.58779566
2217,1.451076208
2218,24.8099126
2219,18.20318797
2220,0.99370049
2221,0.230867674
2222,1.476936066
2223,0.564456973
2224,25.30284519
2225,29.79923428
2226,40.76681557
2227,33.98248973
2228,33.61493086
2229,15.24430279
2230,27.61255863
2231,19.39101309
2232,38.13084831
2233,0.54467102
2234,19.68258254
2235,1.773423087
2236,25.05093873
2237,1.343335343
2238,11.93795427
2239,1.080721749
2240,1.133863414
2241,29.32830261
2242,38.76531762
2243,0.428862803
2244,1.274367135
2245,18.19245033
2246,0.428506012
2247,0.360745053
2248,1.519972473
2249,34.1176495
2250,22.10638709
2251,36.44312677
2252,22.88880982
2253,0.19599226
2254,26.01889207
2255,35.26765235
2256,25.05131301
2257,1.901601356
2258,0.853270147
2259,24.92268912
2260,1.815286593
2261,1.207690611
2262,38.81921377
2263,1.00816239
2264,31.18784075
2265,21.05184344
2266,1.785793799
2267,25.74906109
2268,32.43211794
2269,30.38935687
2270,46.47790069
2271,12.82209821
2272,29.07765675
2273,4.560251757
2274,0.976745021
2275,1.826662011
2276,0.527766664
2277,31.30408095
2278,33.41977954
2279,23.13540261
2280,29.89928428
2281,9.533146809
2282,1.554873199
2283,23.91631918
2284,1.328834108
2285,0.872065953
2286,20.87086577
2287,25.17288352
2288,1.231960261
2289,0.337076299
2290,24.42218391
2291,40.28771417
2292,17.09635816
2293,0.50357532
2294,4.880734124
2295,32.20623187
2296,1.930878352
2297,45.63075429
2298,33.0015797
2299,0.222053226
2300,42.67517635
2301,23.21039341
2302,0.851619141
2303,25.95378102
2304,1.847994171
2305,37.10996611
2306,35.27019054
2307,30.38820498
2308,0.301426853
2309,37.38148486
2310,30.72760108
2311,18.83039921
2312,27.81445543
2313,0.759487692
2314,27.92481182
2315,20.48393431
2316,27.71066464
2317,28.12360189
2318,1.460147483
2319,41.91654538
2320,32.18166742
2321,7.121858732
2322,0.848126396
2323,1.712573167
2324,33.45205127
2325,28.26881789
2326,1.308579836
2327,30.72669804
2328,29.35781637
2329,1.181061206
2330,0.485531031
2331,30.97049104
2332,31.35757885
2333,0.136068201
2334,41.84633546
2335,13.23476729
2336,30.56724096
2337,0.999824449
2338,18.17729051
2339,0.981490522
2340,22.02000657
2341,20.48320204
2342,0.043860617
2343,26.3974208
2344,29.60946271
2345,46.19240005
2346,28.98491407
2347,25.73110047
2348,27.82022437
2349,15.20677399
2350,0.864879605
2351,30.87872445
2352,18.27505439
2353,0.17124872
2354,27.41070476
2355,0.611358242
2356,1.335910153
2357,0.748851938
2358,34.09175113
2359,25.87615253
2360,0.119471307
2361,0.352738759
2362,22.35754081
2363,20.44124786
2364,1.705502429
2365,34.49747552
2366,31.4355889
2367,1.867945959
2368,25.78561899
2369,42.11589351
2370,22.19519956
2371,24.81593776
2372,13.33761709
2373,1.946150099
2374,1.180547247
2375,20.58569038
2376,33.49062289
2377,7.096334602
2378,1.496943856
2379,19.73933437
2380,26.80983522
2381,28.22133581
2382,32.39939944
2383,1.13289883
2384,0.3682851
2385,19.44494441
2386,34.31513848
2387,43.96371639
2388,19.08733899
2389,29.450027
2390,1.478266023
2391,1.309152128
2392,1.172250278
2393,27.42634319
2394,32.40559643
2395,34.50724327
2396,39.03356319
2397,19.05386161
2398,25.22594466
2399,16.71849123
2400,28.70844243
2401,0.847457437
2402,28.61474819
2403,28.23974256
2404,32.14031004
2405,25.57363173
2406,17.23717406
2407,25.29713571
2408,1.056278302
2409,1.46445647
2410,27.06916429
2411,31.34940491
2412,0.153198698
2413,32.3374347
2414,28.47964076
2415,43.98415737
2416,34.94398098
2417,37.32643959
2418,34.23250634
2419,27.10545264
2420,36.76262661
2421,0.566035168
2422,20.17068066
2423,30.21725048
2424,32.59628997
2425,33.64978667
2426,28.04278888
2427,23.78211017
2428,0.887204311
2429,0.570343089
2430,41.56169022
2431,0.92684112
2432,1.693297953
2433,0.614267938
2434,35.52243932
2435,30.26515689
2436,29.43714924
2437,26.24420026
2438,5.225373213
2439,1.750619493
2440,38.71729233
2441,1.057351359
2442,5.131498742
2443,0.578243896
2444,0.958276213
2445,29.66190767
2446,25.61669462
2447,25.39921505
2448,40.51352554
2449,30.89723508
2450,1.997915176
2451,1.856093558
2452,1.315245703
2453,32.09977337
2454,28.18608671
2455,19.77983461
2456,27.05737966
2457,28.5212031
2458,32.85896457
2459,30.07887236
2460,28.61578023
2461,20.16248568
2462,1.499165103
2463,31.91320209
2464,24.75930534
2465,33.41177725
2466,26.96234561
2467,24.42642353
2468,21.5235254
2469,36.58765501
2470,0.887563118
2471,35.67737693
2472,9.520710582
2473,45.60120276
2474,0.735300513
2475,31.82809281
2476,0.607098494
2477,25.9677671
2478,0.174257387
2479,21.59606753
2480,1.065698051
2481,33.86574694
2482,30.97089494
2483,27.72503375
2484,28.53989415
2485,0.677981814
2486,27.27169317
2487,26.87502932
2488,27.06045345
2489,36.73831006
2490,27.90887702
2491,32.99255269
2492,31.01818467
2493,30.93105004
2494,0.592920077
2495,22.29881251
2496,38.36223397
2497,0.917822768
2498,0.445039842
2499,24.24727003
2500,1.587355555
2501,25.8578451
2502,37.52478029
2503,28.02349945
2504,0.402354333
2505,0.813875656
2506,31.79679746
2507,30.40640054
2508,16.8632243
2509,25.63235744
2510,9.439935426
2511,39.90969102
2512,24.2496995
2513,36.523571
2514,43.05313866
2515,29.67529533
2516,27.26688949
2517,20.92240038
2518,25.17127264
2519,1.817573892
2520,20.21435535
2521,25.65718643
2522,0.805679275
2523,21.05004538
2524,0.501658809
2525,27.51454755
2526,1.546102649
2527,20.3882854
2528,1.574742727
2529,29.7339899
2530,20.31643798
2531,0.981439542
2532,27.6537739
2533,0.997484866
2534,46.4111596
2535,28.4274234
2536,26.19296918
2537,22.90484911
2538,30.02934513
2539,32.79325407
2540,23.57384221
2541,27.81281125
2542,21.55146099
2543,24.60011538
2544,1.624926086
2545,4.076396635
2546,28.62053615
2547,26.3162795
2548,46.86312343
2549,30.34403855
2550,1.501147207
2551,33.47199354
2552,34.98354248
2553,28.33375629
2554,0.234062995
2555,27.06621757
2556,0.48746679
2557,1.609411685
2558,29.7935852
2559,24.09085588
2560,28.25837561
2561,1.766715026
2562,35.22880104
2563,37.82548571
2564,0.850301535
2565,35.22978554
2566,8.04390758
2567,0.900977036
2568,1.37191247
2569,34.1037864
2570,20.80746172
2571,20.80049665
2572,16.83950705
2573,40.61040265
2574,15.11890079
2575,26.37723214
2576,0.027179149
2577,1.208182382
2578,6.786766973
2579,26.42022904
2580,0.59688984
2581,34.76967288
2582,24.65678522
2583,10.52694419
2584,42.84624684
2585,1.482788039
2586,1.360670775
2587,20.83150546
2588,1.17580768
2589,25.33135064
2590,19.64798203
2591,1.576976502
2592,23.53423466
2593,19.18208823
2594,1.795353531
2595,26.2727794
2596,30.8712657
2597,38.6376285
2598,6.353164148
2599,11.30947762
2600,1.780219938
2601,26.28009614
2602,33.16131055
2603,1.266857039
2604,22.89193625
2605,26.55102575
2606,0.809748769
2607,28.12238878
2608,11.1546278
2609,32.82057692
2610,24.45283599
2611,0.828110735
2612,38.77857694
2613,0.174292339
2614,43.96271032
2615,17.61947265
2616,25.13897466
2617,28.45132241
2618,41.9318757
2619,35.09352138
2620,35.13336758
2621,0.54764844
2622,29.20013532
2623,32.43997362
2624,28.12200368
2625,0.128992913
2626,32.86934547
2627,0.749556751
2628,28.74173716
2629,33.09991211
2630,28.60854755
2631,1.662307422
2632,1.144271574
2633,1.100813952
2634,24.3859405
2635,1.943146227
2636,36.10586251
2637,1.870495432
2638,0.424410502
2639,0.819621604
2640,0.177512451
2641,36.71217457
2642,1.746801604
2643,0.534435472
2644,7.851184232
2645,0.817590015
2646,0.32365834
2647,30.09553001
2648,25.02654718
2649,24.87022544
2650,32.06971655
2651,0.063904384
2652,26.79991178
2653,0.908366301
2654,30.81978741
2655,0.779628607
2656,1.650299424
2657,0.272983123
2658,14.16215789
2659,0.129685291
2660,24.61258747
2661,28.89407823
2662,5.810237676
2663,34.3950182
2664,1.937206768
2665,23.4863195
2666,1.41792508
2667,40.41894148
2668,1.890483492
2669,30.48515282
2670,37.85077173
2671,34.00642624
2672,29.88172211
2673,21.48904279
2674,0.24471403
2675,0.933017109
2676,43.4516322
2677,36.29104051
2678,31.99849578
2679,0.824026646
2680,29.06080184
2681,35.18306182
2682,19.3279566
2683,29.27567849
2684,34.53120173
2685,20.16864586
2686,31.4711925
2687,1.309041523
2688,1.008379664
2689,45.14082662
2690,20.83819225
2691,33.80735493
2692,1.200498484
2693,27.57100449
2694,30.37694812
2695,28.9451045
2696,33.80298567
2697,1.12144907
2698,21.18521822
2699,37.75154532
2700,26.86588024
2701,7.529419882
2702,29.52997363
2703,33.50044398
2704,40.09382036
2705,23.74880885
2706,32.70671313
2707,0.024364051
2708,37.17759632
2709,0.939146764
2710,0.713045434
2711,21.43251542
2712,30.15155461
2713,36.04778491
2714,31.7180244
2715,24.99412833
2716,
2717,
2718,
2719,
2720,
2721,
2722,
2723,
2724,
2725,
2726,
2727,
2728,
2729,
2730,
2731,
2732,
2733,
2734,
2735,
2736,
2737,
2738,
2739,
2740,
2741,
2742,
2743,
2744,
2745,
2746,
2747,
2748,
2749,
2750,
2751,
2752,
2753,
2754,
2755,
2756,
2757,
2758,
2759,
2760,
2761,
2762,
2763,
2764,
2765,
2766,
2767,
2768,
2769,
2770,
2771,
2772,
2773,
2774,
2775,
2776,
2777,
2778,
2779,
2780,
2781,
2782,
2783,
2784,
2785,
2786,
2787,
2788,
2789,
2790,
2791,
2792,
2793,
2794,
2795,
2796,
2797,
2798,
2799,
2800,
2801,
2802,
2803,
2804,
2805,
2806,
2807,
2808,
2809,
2810,
2811,
2812,
2813,
2814,
2815,
2816,
2817,
2818,
2819,